{
  "features": [
    "arp_rate",
    "arp_req_reply_ratio",
    "mac_entropy",
    "unique_src_macs",
    "unique_dst_macs",
    "frame_len_mean",
    "frame_len_std",
    "frame_len_min",
    "frame_len_max",
    "broadcast_ratio",
    "total_packets"
  ],
  "min": [
    0.0,
    0.0,
    -0.36155760589196617,
    -0.09523809523809523,
    -0.09523809523809523,
    -1.0833333333333333,
    0.0,
    -0.75,
    -0.2265625,
    0.0,
    -50.0
  ],
  "scale": [
    7.142857142857142,
    1e-06,
    0.5767669831803747,
    0.047619047619047616,
    0.047619047619047616,
    0.021258503401360544,
    0.02000583295075667,
    0.017857142857142856,
    0.00390625,
    16.666667000000007,
    1.0
  ],
  "data_min": [
    0.0,
    0.0,
    0.6268694575724263,
    2.0,
    2.0,
    50.96,
    0.0,
    42.0,
    58.0,
    0.0,
    50.0
  ],
  "data_max": [
    0.14,
    1000000.0,
    2.3606718928052106,
    23.0,
    23.0,
    98.0,
    49.98542187478265,
    98.0,
    314.0,
    0.0599999988,
    50.0
  ],
  "feature_range": [
    0,
    1
  ]
}